"email","firstname","fullname","lastname","mode","password","registered","objectId","ownerId","created","updated"
"JolieCrane101@snailmail.com","Jolie","Jolie Crane","Crane",null,"P@ssw0rd1",true,"014BB0E3-FAE0-4665-8EB6-880A92F2A4AB",null,"Thu Jun 09 14:16:03 UTC 2022","Wed Jul 06 08:46:16 UTC 2022"
"AyaanLindsey101@snailmail.com","Ayaan","Ayaan Lindsey","Lindsey",null,"P@ssw0rd1",true,"026196F9-E282-41D6-9AAD-EE96A5C69611",null,"Thu Jun 09 14:15:32 UTC 2022","Wed Jul 06 18:58:42 UTC 2022"
"BradenAllen101@snailmail.com","Braden","Braden Allen","Allen",null,"P@ssw0rd1",true,"02E0DEB8-A868-4EBC-9C11-B397928C31FA",null,"Thu Jun 09 14:15:32 UTC 2022","Wed Jul 06 19:00:03 UTC 2022"
"CarlaCarlson101@snailmail.com","Carla","Carla Carlson","Carlson",null,"P@ssw0rd1",true,"039141A8-395B-404F-82DB-92A6F5F93226",null,"Thu Jun 09 14:16:03 UTC 2022","Fri Oct 21 15:13:39 UTC 2022"
"CheyanneCarpenter101@snailmail.com","Cheyanne","Cheyanne Carpenter","Carpenter",null,"P@ssw0rd1",true,"047F47BD-7F90-4D26-840F-76695CA05E51",null,"Thu Jun 09 14:16:03 UTC 2022","Fri Oct 21 15:14:13 UTC 2022"
"AyaanLindsey101@snailmail.com","Ayaan","Ayaan Lindsey","Lindsey",null,"P@ssw0rd1",true,"05B2DFDD-551D-43BE-A0AC-A0BE28D20EB8",null,"Thu Jun 09 14:16:03 UTC 2022","Fri Oct 21 15:14:47 UTC 2022"
"BrendenWeeks101@snailmail.com","Brenden","Brenden Weeks","Weeks",null,"P@ssw0rd1",true,"06513C5E-0CE5-422C-857D-64F2EB0047C7",null,"Thu Jun 09 14:15:32 UTC 2022","Fri Oct 21 15:15:21 UTC 2022"
"BradenAllen101@snailmail.com","Braden","Braden Allen","Allen",null,"P@ssw0rd1",true,"06B67604-33E5-44F5-9677-3CDB3ECD71CC",null,"Thu Jun 09 14:16:03 UTC 2022","Fri Oct 21 15:15:54 UTC 2022"
"SherlynGarrison101@snailmail.com","Sherlyn","Sherlyn Garrison","Garrison",null,"P@ssw0rd1",true,"0868E13F-443F-40FD-922D-66FBAC4F912A",null,"Thu Jun 09 14:15:32 UTC 2022","Fri Oct 21 15:16:29 UTC 2022"
"AbramRowland101@snailmail.com","Abram","Abram Rowland","Rowland",null,"P@ssw0rd1",true,"08D03E2D-FDFA-4E3F-A65B-6E6751B90CB3",null,"Thu Jun 09 14:15:32 UTC 2022","Fri Oct 21 15:17:02 UTC 2022"
"NoraBlackburn101@snailmail.com","Nora","Nora Blackburn","Blackburn",null,"P@ssw0rd1",true,"0ADB8F42-B409-4F1B-AECB-CBA8BFE5DF6D",null,"Thu Jun 09 14:15:32 UTC 2022","Fri Oct 21 15:17:36 UTC 2022"
"ZainGraham101@snailmail.com","Zain","Zain Graham","Graham",null,"P@ssw0rd1",true,"0D099F4A-37DF-4F08-8C4C-3D2F19B0D354",null,"Thu Jun 09 14:16:03 UTC 2022","Fri Oct 21 15:18:09 UTC 2022"
"CheyanneCarpenter101@snailmail.com","Cheyanne","Cheyanne Carpenter","Carpenter",null,"P@ssw0rd1",true,"0E9CC911-D3E5-4829-96DD-45FF02E1CE04",null,"Thu Jun 09 14:15:32 UTC 2022","Fri Oct 21 15:18:43 UTC 2022"
"MarshallHall101@snailmail.com","Marshall","Marshall Hall","Hall",null,"P@ssw0rd1",true,"0EC153F2-8938-4540-8A29-C6FCC3A874EC",null,"Thu Jun 09 14:15:32 UTC 2022","Fri Oct 21 15:30:55 UTC 2022"
"ShamarHood101@snailmail.com","Shamar","Shamar Hood","Hood",null,"P@ssw0rd1",true,"0F171A4C-3D14-4121-AACB-3B5808AD1C3E",null,"Thu Jun 09 14:16:03 UTC 2022","Fri Oct 21 15:31:29 UTC 2022"
"CohenEstes101@snailmail.com","Cohen","Cohen Estes","Estes",null,"P@ssw0rd1",true,"1021864B-D929-40AD-AC56-6EFDE2B363E6",null,"Thu Jun 09 14:15:32 UTC 2022","Fri Oct 21 15:32:02 UTC 2022"
"SimonGamble101@snailmail.com","Simon","Simon Gamble","Gamble",null,"P@ssw0rd1",true,"113D6446-A76B-4C99-8110-8A9F61BF4E46",null,"Wed Jun 01 22:13:04 UTC 2022","Fri Oct 21 15:32:38 UTC 2022"
"VeronicaBrandt101@snailmail.com","Veronica","Veronica Brandt","Brandt",null,"P@ssw0rd1",true,"121922F4-1C9A-4170-B08B-40105DA97676",null,"Thu Jun 09 14:16:03 UTC 2022","Fri Oct 21 15:33:12 UTC 2022"
"JadaAyers101@snailmail.com","Jada","Jada Ayers","Ayers",null,"P@ssw0rd1",true,"126E3093-9CCB-4732-A692-F1C66DB15CEA",null,"Thu Jun 09 14:15:32 UTC 2022","Fri Oct 21 15:33:46 UTC 2022"
"SimonGamble101@snailmail.com","Simon","Simon Gamble","Gamble",null,"P@ssw0rd1",true,"13001DE9-9751-4E4A-87D5-CEEEF2AB64C6",null,"Thu Jun 09 14:15:32 UTC 2022","Fri Oct 21 15:34:20 UTC 2022"
"KyraRussell101@snailmail.com","Kyra","Kyra Russell","Russell",null,"P@ssw0rd1",true,"1396015C-C5AB-4B10-8479-B2787C9898A9",null,"Thu Jun 09 14:15:32 UTC 2022","Fri Oct 21 15:34:54 UTC 2022"
"CurtisFerrell101@snailmail.com","Curtis","Curtis Ferrell","Ferrell",null,"P@ssw0rd1",true,"153237DC-F658-4EE6-8BD8-DD8D2454B131",null,"Thu Jun 09 14:16:03 UTC 2022","Fri Oct 21 15:35:29 UTC 2022"
"HaileeLowery101@snailmail.com","Hailee","Hailee Lowery","Lowery",null,"P@ssw0rd1",true,"1579D57A-EFAD-4213-BA9D-0D80E7AB9ECB",null,"Thu Jun 09 14:16:03 UTC 2022","Fri Oct 21 15:36:03 UTC 2022"
"AryanValencia101@snailmail.com","Aryan","Aryan Valencia","Valencia",null,"P@ssw0rd1",true,"16900C2F-5742-4363-8C3C-E9343F1D6299",null,"Thu Jun 09 14:16:03 UTC 2022","Fri Oct 21 15:36:37 UTC 2022"
"IngridManning101@snailmail.com","Ingrid","Ingrid Manning","Manning",null,"P@ssw0rd1",true,"16952366-127A-4C38-853B-CA3B4AAE69B2",null,"Wed Jun 01 22:13:04 UTC 2022","Fri Oct 21 15:37:14 UTC 2022"
"ErnestBonilla101@snailmail.com","Ernest","Ernest Bonilla","Bonilla",null,"P@ssw0rd1",true,"18F25600-C6EC-47A9-BC90-9E6232C11613",null,"Thu Jun 09 14:15:32 UTC 2022","Fri Oct 21 15:37:48 UTC 2022"
"AniyahHiggins101@snailmail.com","Aniyah","Aniyah Higgins","Higgins",null,"P@ssw0rd1",true,"19CDD9DC-C1FC-4E37-8DF7-25338870F811",null,"Wed Jun 01 22:13:04 UTC 2022","Fri Oct 21 15:38:24 UTC 2022"
"ZoieJarvis101@snailmail.com","Zoie","Zoie Jarvis","Jarvis",null,"P@ssw0rd1",true,"1AB79582-1578-4B6B-9402-41BECED0660E",null,"Wed Jun 01 22:13:04 UTC 2022","Fri Oct 21 15:38:57 UTC 2022"
"RaynaHolland101@snailmail.com","Rayna","Rayna Holland","Holland",null,"P@ssw0rd1",true,"1DE438BB-BD99-4A10-97A0-1DD24FF2315D",null,"Thu Jun 09 14:15:32 UTC 2022","Fri Oct 21 15:39:30 UTC 2022"
"JovaniAlvarez101@snailmail.com","Jovani","Jovani Alvarez","Alvarez",null,"P@ssw0rd1",true,"1FB15332-5AFD-402C-8A47-A258AC221458",null,"Thu Jun 09 14:16:03 UTC 2022","Fri Oct 21 15:40:04 UTC 2022"
"ZackeryMills101@snailmail.com","Zackery","Zackery Mills","Mills",null,"P@ssw0rd1",true,"1FD71ED7-909E-44C6-AA0F-F9537B74732F",null,"Thu Jun 09 14:15:32 UTC 2022","Fri Oct 21 15:40:37 UTC 2022"
"JuliannaGarcia101@snailmail.com","Julianna","Julianna Garcia","Garcia",null,"P@ssw0rd1",true,"2004276D-1027-4941-8A97-A69DDBFF2F82",null,"Thu Jun 09 14:15:32 UTC 2022","Fri Oct 21 15:41:11 UTC 2022"
"ZackeryMills101@snailmail.com","Zackery","Zackery Mills","Mills",null,"P@ssw0rd1",true,"213CF39A-3A2B-4DAD-8B36-F9D5F2B46619",null,"Wed Jun 01 22:13:04 UTC 2022","Fri Oct 21 15:41:45 UTC 2022"
"BrandonBates101@snailmail.com","Brandon","Brandon Bates","Bates",null,"P@ssw0rd1",true,"21FA434E-48E4-484F-8A46-8417368CC424",null,"Wed Jun 01 22:13:04 UTC 2022","Fri Oct 21 15:42:21 UTC 2022"
"JakeArias101@snailmail.com","Jake","Jake Arias","Arias",null,"P@ssw0rd1",true,"22E7028D-2DF7-473D-83BE-E58D677DF981",null,"Wed Jun 01 22:13:04 UTC 2022","Fri Oct 21 15:42:54 UTC 2022"
"JovannyMacias101@snailmail.com","Jovanny","Jovanny Macias","Macias",null,"P@ssw0rd1",true,"2373086B-DB77-4635-9084-EC2196E018F1",null,"Wed Jun 01 22:13:04 UTC 2022","Fri Oct 21 15:43:29 UTC 2022"
"YaritzaGallagher101@snailmail.com","Yaritza","Yaritza Gallagher","Gallagher",null,"P@ssw0rd1",true,"2375D164-73D2-45E0-91C6-3A0185EEE7DF",null,"Thu Jun 09 14:15:32 UTC 2022","Fri Oct 21 15:44:04 UTC 2022"
"CasonOlsen101@snailmail.com","Cason","Cason Olsen","Olsen",null,"P@ssw0rd1",true,"253D65C0-85E0-489D-B15A-1E7AE7DE8E01",null,"Wed Jun 01 22:13:04 UTC 2022","Fri Oct 21 15:44:38 UTC 2022"
"AriaShepherd101@snailmail.com","Aria","Aria Shepherd","Shepherd",null,"P@ssw0rd1",true,"25CD1BD0-611B-480F-A79A-1711CAA859BF",null,"Thu Jun 09 14:16:03 UTC 2022","Fri Oct 21 15:45:11 UTC 2022"
"MaliyahBeard101@snailmail.com","Maliyah","Maliyah Beard","Beard",null,"P@ssw0rd1",true,"25D4499E-288D-49C5-A586-C7BB1EEE622C",null,"Thu Jun 09 14:15:32 UTC 2022","Fri Oct 21 15:45:45 UTC 2022"
"FreddyCampos101@snailmail.com","Freddy","Freddy Campos","Campos",null,"P@ssw0rd1",true,"263AB45C-474E-4539-A886-F54755D1D444",null,"Thu Jun 09 14:16:03 UTC 2022","Fri Oct 21 15:46:22 UTC 2022"
"ZacheryLevy101@snailmail.com","Zachery","Zachery Levy","Levy",null,"P@ssw0rd1",true,"270E2070-507D-4D58-A84E-F30FDE169193",null,"Wed Jun 01 22:13:04 UTC 2022","Fri Oct 21 15:47:03 UTC 2022"
"ZackaryOdonnell101@snailmail.com","Zackary","Zackary Odonnell","Odonnell",null,"P@ssw0rd1",true,"277E4F01-DCA8-490B-AF3E-5073E11506D7",null,"Wed Jun 01 22:13:04 UTC 2022","Fri Oct 21 15:47:39 UTC 2022"
"IsraelMaldonado101@snailmail.com","Israel","Israel Maldonado","Maldonado",null,"P@ssw0rd1",true,"28908943-6F47-4C4D-BD13-4239D3F33D7D",null,"Thu Jun 09 14:16:03 UTC 2022","Fri Oct 21 15:48:16 UTC 2022"
null,null,null,null,"raw",null,true,"2A2D6268-CE51-4F9F-A8D5-ED95B3338D7A",null,"Thu Jun 09 14:26:17 UTC 2022","Fri Oct 21 15:48:50 UTC 2022"
"AmiyahWard101@snailmail.com","Amiyah","Amiyah Ward","Ward",null,"P@ssw0rd1",true,"2A6B2989-C504-4BF4-BF49-65A2C212D698",null,"Thu Jun 09 14:15:32 UTC 2022","Fri Oct 21 15:49:27 UTC 2022"
"MarleyWatkins101@snailmail.com","Marley","Marley Watkins","Watkins",null,"P@ssw0rd1",true,"2C27E861-0231-4154-A7F4-F5F84ACAA781",null,"Thu Jun 09 14:16:03 UTC 2022","Fri Oct 21 15:50:02 UTC 2022"
"FionaBaxter101@snailmail.com","Fiona","Fiona Baxter","Baxter",null,"P@ssw0rd1",true,"2F74C05F-2ED1-4582-8A6B-BC7E91898B74",null,"Thu Jun 09 14:15:32 UTC 2022","Fri Oct 21 15:50:37 UTC 2022"
"MaddenWarren101@snailmail.com","Madden","Madden Warren","Warren",null,"P@ssw0rd1",true,"2F878443-588E-4921-B4F8-8144158B5BA4",null,"Thu Jun 09 14:16:03 UTC 2022","Fri Oct 21 15:51:12 UTC 2022"
"WillowRowe101@snailmail.com","Willow","Willow Rowe","Rowe",null,"P@ssw0rd1",true,"2FAE4114-640D-46D5-A599-D06484BAEC63",null,"Thu Jun 09 14:15:32 UTC 2022","Fri Oct 21 15:51:48 UTC 2022"
"AliyaWatkins101@snailmail.com","Aliya","Aliya Watkins","Watkins",null,"P@ssw0rd1",true,"306F2378-815F-41BF-A2D4-5F1CE90F8F94",null,"Wed Jun 01 22:13:04 UTC 2022","Fri Oct 21 15:52:26 UTC 2022"
"FrederickMorrow101@snailmail.com","Frederick","Frederick Morrow","Morrow",null,"P@ssw0rd1",true,"30C861DB-2AE8-4D22-8B65-C6DC95075463",null,"Thu Jun 09 14:16:03 UTC 2022","Fri Oct 21 15:53:05 UTC 2022"
"SimonGamble101@snailmail.com","Simon","Simon Gamble","Gamble",null,"P@ssw0rd1",true,"31493666-AE2C-4E50-A74D-D81C12DE4EC6",null,"Thu Jun 09 14:16:03 UTC 2022","Fri Oct 21 15:53:42 UTC 2022"
"MarshallHall101@snailmail.com","Marshall","Marshall Hall","Hall",null,"P@ssw0rd1",true,"32C6F1F3-CFB6-4D26-AEBC-444088914C55",null,"Thu Jun 09 14:16:03 UTC 2022","Fri Oct 21 15:54:18 UTC 2022"
"DiyaEvans101@snailmail.com","Diya","Diya Evans","Evans",null,"P@ssw0rd1",true,"32D0F17D-4BD2-4C9E-BC4D-850881913284",null,"Thu Jun 09 14:15:32 UTC 2022","Fri Oct 21 15:54:54 UTC 2022"
"KaitlinDavenport101@snailmail.com","Kaitlin","Kaitlin Davenport","Davenport",null,"P@ssw0rd1",true,"330CCB79-DF4E-4B83-A191-444FB4E8B1D6",null,"Thu Jun 09 14:15:32 UTC 2022","Fri Oct 21 15:55:32 UTC 2022"
"AntonioNorris101@snailmail.com","Antonio","Antonio Norris","Norris",null,"P@ssw0rd1",true,"332EC97C-3AEE-4ADA-A609-4A0F2C5A0F39",null,"Wed Jun 01 22:13:04 UTC 2022","Fri Oct 21 15:56:08 UTC 2022"
"HaileeLowery101@snailmail.com","Hailee","Hailee Lowery","Lowery",null,"P@ssw0rd1",true,"3334B8B3-4B36-4516-B45F-A513BDDEA89C",null,"Thu Jun 09 14:15:32 UTC 2022","Fri Oct 21 15:56:43 UTC 2022"
"WilsonHorn101@snailmail.com","Wilson","Wilson Horn","Horn",null,"P@ssw0rd1",true,"33A9066D-AA54-4E98-A8AD-B51F60F8EC58",null,"Thu Jun 09 14:15:32 UTC 2022","Fri Oct 21 15:57:18 UTC 2022"
"MyaForbes101@snailmail.com","Mya","Mya Forbes","Forbes",null,"P@ssw0rd1",true,"3481A26C-8A50-4CD8-BDA7-03E8E6D92694",null,"Thu Jun 09 14:16:03 UTC 2022","Fri Oct 21 15:57:53 UTC 2022"
"TiannaParker101@snailmail.com","Tianna","Tianna Parker","Parker",null,"P@ssw0rd1",true,"34902C7E-BF66-4605-B314-0F13CC04AB03",null,"Wed Jun 01 22:13:04 UTC 2022","Fri Oct 21 15:58:28 UTC 2022"
"RaynaHolland101@snailmail.com","Rayna","Rayna Holland","Holland",null,"P@ssw0rd1",true,"377533EF-AFC0-48ED-B9E2-584FF7847D23",null,"Thu Jun 09 14:16:03 UTC 2022","Fri Oct 21 15:59:04 UTC 2022"
"JakeArias101@snailmail.com","Jake","Jake Arias","Arias",null,"P@ssw0rd1",true,"37FB7339-B067-4626-9A2E-5B4F70DFCE8A",null,"Thu Jun 09 14:16:03 UTC 2022","Fri Oct 21 15:59:42 UTC 2022"
"AryanValencia101@snailmail.com","Aryan","Aryan Valencia","Valencia",null,"P@ssw0rd1",true,"38193A50-45B5-4E4B-8143-50A3A5BD97A5",null,"Thu Jun 09 14:15:32 UTC 2022","Fri Oct 21 16:00:21 UTC 2022"
"AriaShepherd101@snailmail.com","Aria","Aria Shepherd","Shepherd",null,"P@ssw0rd1",true,"381BA275-1EC0-480D-9F9B-A59C66A7E0FD",null,"Wed Jun 01 22:13:04 UTC 2022","Fri Oct 21 16:00:57 UTC 2022"
"RobertoLevine101@snailmail.com","Roberto","Roberto Levine","Levine",null,"P@ssw0rd1",true,"384FB891-A6C2-4E73-8EF1-ABFD3589F2C6",null,"Thu Jun 09 14:16:03 UTC 2022","Fri Oct 21 16:01:34 UTC 2022"
"WillowRowe101@snailmail.com","Willow","Willow Rowe","Rowe",null,"P@ssw0rd1",true,"38804374-0802-4B86-8B84-5BD7672F9BD7",null,"Wed Jun 01 22:13:04 UTC 2022","Fri Oct 21 16:02:08 UTC 2022"
"AnnabelBridges101@snailmail.com","Annabel","Annabel Bridges","Bridges",null,"P@ssw0rd1",true,"3AD7E905-7A4B-4964-8F78-024841FF23F0",null,"Thu Jun 09 14:16:03 UTC 2022","Fri Oct 21 16:02:42 UTC 2022"
"AniyahHiggins101@snailmail.com","Aniyah","Aniyah Higgins","Higgins",null,"P@ssw0rd1",true,"3AE7AE16-D74A-4AC9-98CF-6A1F6A12D1DB",null,"Thu Jun 09 14:16:03 UTC 2022","Fri Oct 21 16:03:20 UTC 2022"
"GilbertStrong101@snailmail.com","Gilbert","Gilbert Strong","Strong",null,"P@ssw0rd1",true,"3B211DD6-B66B-4BFF-A18B-32D4AC37894D",null,"Wed Jun 01 22:13:04 UTC 2022","Fri Oct 21 16:03:55 UTC 2022"
"JolieCrane101@snailmail.com","Jolie","Jolie Crane","Crane",null,"P@ssw0rd1",true,"3B850B36-8013-4354-BFE9-001EA0DA686B",null,"Wed Jun 01 22:13:04 UTC 2022","Fri Oct 21 16:04:31 UTC 2022"
"JuanStevenson101@snailmail.com","Juan","Juan Stevenson","Stevenson",null,"P@ssw0rd1",true,"3C276AF8-155D-498B-8FA9-067AE61F4AA9",null,"Thu Jun 09 14:16:03 UTC 2022","Fri Oct 21 16:05:06 UTC 2022"
"MarceloSanders101@snailmail.com","Marcelo","Marcelo Sanders","Sanders",null,"P@ssw0rd1",true,"3C3B24B7-D1CC-46F2-95D9-3CC31A7A2E21",null,"Thu Jun 09 14:16:03 UTC 2022","Fri Oct 21 16:05:43 UTC 2022"
"ScarletPitts101@snailmail.com","Scarlet","Scarlet Pitts","Pitts",null,"P@ssw0rd1",true,"3C65046F-8856-4C50-A8DE-34486BC19FC1",null,"Thu Jun 09 14:15:32 UTC 2022","Fri Oct 21 16:06:19 UTC 2022"
"BradyJohnston101@snailmail.com","Brady","Brady Johnston","Johnston",null,"P@ssw0rd1",true,"3D8E2C2F-DBAC-49AB-B7A9-43C3156D1BFD",null,"Thu Jun 09 14:15:32 UTC 2022","Fri Oct 21 16:06:54 UTC 2022"
"ZainGraham101@snailmail.com","Zain","Zain Graham","Graham",null,"P@ssw0rd1",true,"3F37BA19-7E19-40DE-AA7C-EA8852960B20",null,"Thu Jun 09 14:15:32 UTC 2022","Fri Oct 21 16:07:32 UTC 2022"
"CherishHayes101@snailmail.com","Cherish","Cherish Hayes","Hayes",null,"P@ssw0rd1",true,"3FF82759-960C-41AE-AED0-015A3EA80DA1",null,"Wed Jun 01 22:13:04 UTC 2022","Fri Oct 21 16:08:07 UTC 2022"
"KoenSnyder101@snailmail.com","Koen","Koen Snyder","Snyder",null,"P@ssw0rd1",true,"401D96B3-DBC8-48D0-9EF6-BA1ED331225B",null,"Thu Jun 09 14:15:32 UTC 2022","Fri Oct 21 16:08:42 UTC 2022"
"EmeryAdkins101@snailmail.com","Emery","Emery Adkins","Adkins",null,"P@ssw0rd1",true,"40EC337C-7116-4ACE-80D8-1D78109EA2E9",null,"Thu Jun 09 14:15:32 UTC 2022","Fri Oct 21 16:09:19 UTC 2022"
"AbigayleBolton101@snailmail.com","Abigayle","Abigayle Bolton","Bolton",null,"P@ssw0rd1",true,"40FD923D-DB71-4C0A-BD02-32ADA1F82062",null,"Thu Jun 09 14:16:03 UTC 2022","Fri Oct 21 16:09:55 UTC 2022"
"AliaRay101@snailmail.com","Alia","Alia Ray","Ray",null,"P@ssw0rd1",true,"41164892-04E2-422C-A3BE-BA7F43690EA9",null,"Wed Jun 01 22:13:04 UTC 2022","Fri Oct 21 16:10:28 UTC 2022"
"MikaelaBall101@snailmail.com","Mikaela","Mikaela Ball","Ball",null,"P@ssw0rd1",true,"417AF6FB-8A8C-4611-90DB-B5C7DCC4209C",null,"Wed Jun 01 22:13:04 UTC 2022","Fri Oct 21 16:11:02 UTC 2022"
"JackSchwartz101@snailmail.com","Jack","Jack Schwartz","Schwartz",null,"P@ssw0rd1",true,"428C63CC-0067-41D2-A4A8-4A7159F3584B",null,"Thu Jun 09 14:15:32 UTC 2022","Fri Oct 21 16:11:36 UTC 2022"
"ErnestBonilla101@snailmail.com","Ernest","Ernest Bonilla","Bonilla",null,"P@ssw0rd1",true,"458CAA8D-C5FB-4C16-AF5C-59DE9735EB65",null,"Wed Jun 01 22:13:04 UTC 2022","Fri Oct 21 16:12:10 UTC 2022"
"MaliyahTanner101@snailmail.com","Maliyah","Maliyah Tanner","Tanner",null,"P@ssw0rd1",true,"45C19853-7A7B-4CB0-AD94-0E88ECB3FB75",null,"Wed Jun 01 22:13:04 UTC 2022","Fri Oct 21 16:12:52 UTC 2022"
"WilsonHorn101@snailmail.com","Wilson","Wilson Horn","Horn",null,"P@ssw0rd1",false,"45E38D4D-8E78-4521-A590-D0936E54D3C3",null,"Thu Jun 09 14:16:03 UTC 2022",null
"CarolineHatfield101@snailmail.com","Caroline","Caroline Hatfield","Hatfield",null,"P@ssw0rd1",false,"4671F41A-F9F3-4F20-8C2B-A548D42463B9",null,"Wed Jun 01 22:13:04 UTC 2022",null
"AlejandroBender101@snailmail.com","Alejandro","Alejandro Bender","Bender",null,"P@ssw0rd1",false,"490BE080-3F73-4BA5-8C55-02BBBE337FCA",null,"Thu Jun 09 14:15:32 UTC 2022",null
"CailynMckenzie101@snailmail.com","Cailyn","Cailyn Mckenzie","Mckenzie",null,"P@ssw0rd1",false,"4A996849-42FB-4CF9-9103-C295559C782B",null,"Wed Jun 01 22:13:04 UTC 2022",null
"AbramRowland101@snailmail.com","Abram","Abram Rowland","Rowland",null,"P@ssw0rd1",false,"4B90CA5C-15B2-46BE-B780-A654DF10ADDC",null,"Thu Jun 09 14:16:03 UTC 2022",null
"ZacheryLevy101@snailmail.com","Zachery","Zachery Levy","Levy",null,"P@ssw0rd1",false,"4BEB8697-8D3D-412F-B40C-D13CCA44FE93",null,"Thu Jun 09 14:15:32 UTC 2022",null
"MoniqueEspinoza101@snailmail.com","Monique","Monique Espinoza","Espinoza",null,"P@ssw0rd1",false,"4C045007-24D5-4005-9FC9-6E556B309108",null,"Wed Jun 01 22:13:04 UTC 2022",null
"MaximusMann101@snailmail.com","Maximus","Maximus Mann","Mann",null,"P@ssw0rd1",false,"4DF6D8D7-1795-434A-8099-48331827A4C4",null,"Thu Jun 09 14:16:03 UTC 2022",null
"MaliyahBeard101@snailmail.com","Maliyah","Maliyah Beard","Beard",null,"P@ssw0rd1",false,"4E407B39-ECAD-4166-B772-30BEC6B95159",null,"Wed Jun 01 22:13:04 UTC 2022",null
"EmeryAdkins101@snailmail.com","Emery","Emery Adkins","Adkins",null,"P@ssw0rd1",false,"4E583BC8-4AA8-466F-B092-C08F2A494B68",null,"Wed Jun 01 22:13:04 UTC 2022",null
"IsraelMaldonado101@snailmail.com","Israel","Israel Maldonado","Maldonado",null,"P@ssw0rd1",false,"4F1335DF-0696-40FE-87BB-80C4AA91BF30",null,"Wed Jun 01 22:13:04 UTC 2022",null
"DaxRiddle101@snailmail.com","Dax","Dax Riddle","Riddle",null,"P@ssw0rd1",false,"4F512E98-4BCA-4D46-B4EE-CC3D0844E9C7",null,"Thu Jun 09 14:15:32 UTC 2022",null
"SherlynGarrison101@snailmail.com","Sherlyn","Sherlyn Garrison","Garrison",null,"P@ssw0rd1",false,"4F95C1AB-672D-441B-BB07-EB3A775543CE",null,"Wed Jun 01 22:13:04 UTC 2022",null
"AbramRowland101@snailmail.com","Abram","Abram Rowland","Rowland",null,"P@ssw0rd1",false,"5205E688-59D7-47C1-B75D-8A924893E12F",null,"Wed Jun 01 22:13:04 UTC 2022",null
"MathewDawson101@snailmail.com","Mathew","Mathew Dawson","Dawson",null,"P@ssw0rd1",false,"536590C8-1858-48E1-8D3A-B041892C2D17",null,"Wed Jun 01 22:13:04 UTC 2022",null
"CailynMckenzie101@snailmail.com","Cailyn","Cailyn Mckenzie","Mckenzie",null,"P@ssw0rd1",false,"53A72F5A-E15A-47FC-80A2-920E92AC6733",null,"Thu Jun 09 14:15:32 UTC 2022",null
"LillianRose101@snailmail.com","Lillian","Lillian Rose","Rose",null,"P@ssw0rd1",false,"55DF4994-678A-4C5C-888E-F3C20EF808E1",null,"Thu Jun 09 14:16:03 UTC 2022",null
"MarceloSanders101@snailmail.com","Marcelo","Marcelo Sanders","Sanders",null,"P@ssw0rd1",false,"58ABFA65-E0D5-49F9-8247-899FFECE8854",null,"Thu Jun 09 14:15:32 UTC 2022",null
"CohenEstes101@snailmail.com","Cohen","Cohen Estes","Estes",null,"P@ssw0rd1",false,"58C2999E-3D42-47CD-BCB8-688FFAB61F25",null,"Wed Jun 01 22:13:04 UTC 2022",null
"KoenSnyder101@snailmail.com","Koen","Koen Snyder","Snyder",null,"P@ssw0rd1",false,"58C5C684-6BA1-4297-A165-2F979756A1FB",null,"Thu Jun 09 14:16:03 UTC 2022",null
"JocelynBecker101@snailmail.com","Jocelyn","Jocelyn Becker","Becker",null,"P@ssw0rd1",false,"58CEA9AA-BB35-44C1-8E05-38A2246639B4",null,"Thu Jun 09 14:16:03 UTC 2022",null
"PaigeStafford101@snailmail.com","Paige","Paige Stafford","Stafford",null,"P@ssw0rd1",false,"5BDB8F4A-BBB6-491B-B1D2-BC4F181D8175",null,"Thu Jun 09 14:16:03 UTC 2022",null
"LunaDaniel101@snailmail.com","Luna","Luna Daniel","Daniel",null,"P@ssw0rd1",false,"5C8DC122-F2CA-4AC4-A7A5-95EEAAD7CE7D",null,"Wed Jun 01 22:13:04 UTC 2022",null
"JovaniAlvarez101@snailmail.com","Jovani","Jovani Alvarez","Alvarez",null,"P@ssw0rd1",false,"5EE0BB73-9315-4252-AE34-41A64177A962",null,"Wed Jun 01 22:13:04 UTC 2022",null
"MarshallHall101@snailmail.com","Marshall","Marshall Hall","Hall",null,"P@ssw0rd1",false,"5F3FB6A1-EEF4-45E5-A639-0D2F23B80064",null,"Wed Jun 01 22:13:04 UTC 2022",null
"AryanValencia101@snailmail.com","Aryan","Aryan Valencia","Valencia",null,"P@ssw0rd1",false,"6132D490-8BA8-44F0-9F5F-4620A7896423",null,"Wed Jun 01 22:13:04 UTC 2022",null
"AlejandroBender101@snailmail.com","Alejandro","Alejandro Bender","Bender",null,"P@ssw0rd1",false,"6171957D-607A-4352-9FB7-E4C5A079285F",null,"Wed Jun 01 22:13:04 UTC 2022",null
"FreddyCampos101@snailmail.com","Freddy","Freddy Campos","Campos",null,"P@ssw0rd1",false,"6250B53C-0C9B-4E26-8E30-270A25F7DE60",null,"Thu Jun 09 14:15:32 UTC 2022",null
"CohenEstes101@snailmail.com","Cohen","Cohen Estes","Estes",null,"P@ssw0rd1",false,"62BF4568-0438-4FF2-A1C2-B1F2EA1FFC0D",null,"Thu Jun 09 14:16:03 UTC 2022",null
"MaximusMann101@snailmail.com","Maximus","Maximus Mann","Mann",null,"P@ssw0rd1",false,"6368EC0E-3537-4F39-A5D1-0905CB72B190",null,"Wed Jun 01 22:13:04 UTC 2022",null
"AliyaWatkins101@snailmail.com","Aliya","Aliya Watkins","Watkins",null,"P@ssw0rd1",false,"649B3014-2863-4C4F-8C33-517514CA3A11",null,"Thu Jun 09 14:15:32 UTC 2022",null
"ScarletPitts101@snailmail.com","Scarlet","Scarlet Pitts","Pitts",null,"P@ssw0rd1",false,"6503BE8B-FEB3-46C8-9C48-27ECD1F716DF",null,"Thu Jun 09 14:16:03 UTC 2022",null
"MarleyWatkins101@snailmail.com","Marley","Marley Watkins","Watkins",null,"P@ssw0rd1",false,"6507AC96-E6F7-4FA9-92CA-05E746AED65D",null,"Thu Jun 09 14:15:32 UTC 2022",null
"DakotaParks101@snailmail.com","Dakota","Dakota Parks","Parks",null,"P@ssw0rd1",false,"65784BEC-84FC-4446-9991-0543393754D3",null,"Wed Jun 01 22:13:04 UTC 2022",null
"FionaBaxter101@snailmail.com","Fiona","Fiona Baxter","Baxter",null,"P@ssw0rd1",false,"65C5768E-E61A-4B44-914A-53D52468304B",null,"Wed Jun 01 22:13:04 UTC 2022",null
"RaynaHolland101@snailmail.com","Rayna","Rayna Holland","Holland",null,"P@ssw0rd1",false,"667E4B9A-CB23-41E5-BF58-1AF10922B4DA",null,"Wed Jun 01 22:13:04 UTC 2022",null
"HaileeLowery101@snailmail.com","Hailee","Hailee Lowery","Lowery",null,"P@ssw0rd1",false,"6712B34F-EA52-413C-A25E-599CDE3F53D6",null,"Wed Jun 01 22:13:04 UTC 2022",null
"MyaForbes101@snailmail.com","Mya","Mya Forbes","Forbes",null,"P@ssw0rd1",false,"6841334D-3E9E-473B-9F69-67AD9A2D1A7B",null,"Wed Jun 01 22:13:04 UTC 2022",null
"ErinPruitt101@snailmail.com","Erin","Erin Pruitt","Pruitt",null,"P@ssw0rd1",false,"68E64998-EB82-4838-88BE-68F955E8A218",null,"Thu Jun 09 14:16:03 UTC 2022",null
"EzequielOneill101@snailmail.com","Ezequiel","Ezequiel Oneill","Oneill",null,"P@ssw0rd1",false,"695E2E3B-5564-4F27-9864-53C48AC085BA",null,"Thu Jun 09 14:16:03 UTC 2022",null
"MaddenWarren101@snailmail.com","Madden","Madden Warren","Warren",null,"P@ssw0rd1",false,"69616249-4E51-4F3D-A71E-BA9A134FBFB2",null,"Wed Jun 01 22:13:04 UTC 2022",null
"MaceyGuerra101@snailmail.com","Macey","Macey Guerra","Guerra",null,"P@ssw0rd1",false,"6A1531E9-FC74-4F5B-BD88-22784A8F4FB5",null,"Thu Jun 09 14:15:32 UTC 2022",null
"IsabelaGalvan101@snailmail.com","Isabela","Isabela Galvan","Galvan",null,"P@ssw0rd1",false,"6A718B88-186B-4CA9-8E4E-F6EE22A39822",null,"Wed Jun 01 22:13:04 UTC 2022",null
"AliyaWatkins101@snailmail.com","Aliya","Aliya Watkins","Watkins",null,"P@ssw0rd1",false,"6CDED108-4ECF-439C-A3FD-300064DAF918",null,"Thu Jun 09 14:16:03 UTC 2022",null
"CaleFields101@snailmail.com","Cale","Cale Fields","Fields",null,"P@ssw0rd1",false,"6D458308-2256-4408-A072-93F5FB262416",null,"Thu Jun 09 14:15:32 UTC 2022",null
"AbigayleBolton101@snailmail.com","Abigayle","Abigayle Bolton","Bolton",null,"P@ssw0rd1",false,"6D47EF5E-F57F-4CFC-8C87-E815D92DA01C",null,"Wed Jun 01 22:13:04 UTC 2022",null
"KieranDalton101@snailmail.com","Kieran","Kieran Dalton","Dalton",null,"P@ssw0rd1",false,"6D591BBE-D311-4EB7-B8BA-0A8E7EC886F5",null,"Thu Jun 09 14:15:32 UTC 2022",null
"GideonMartin101@snailmail.com","Gideon","Gideon Martin","Martin",null,"P@ssw0rd1",false,"6E11CD36-5B50-4B68-8055-B382409067F5",null,"Wed Jun 01 22:13:04 UTC 2022",null
"BaileeDoyle101@snailmail.com","Bailee","Bailee Doyle","Doyle",null,"P@ssw0rd1",false,"6E7D7FF1-5C86-4A20-B4B9-AD59251AA86F",null,"Wed Jun 01 22:13:04 UTC 2022",null
"GabrielleGraves101@snailmail.com","Gabrielle","Gabrielle Graves","Graves",null,"P@ssw0rd1",false,"6EB2665E-8A63-4E3D-89C3-C6F5D12E4527",null,"Wed Jun 01 22:13:04 UTC 2022",null
"AnnabelBridges101@snailmail.com","Annabel","Annabel Bridges","Bridges",null,"P@ssw0rd1",false,"6F7C0B06-3BDC-4BCC-B210-003F6703CBD5",null,"Thu Jun 09 14:15:32 UTC 2022",null
"AliaRay101@snailmail.com","Alia","Alia Ray","Ray",null,"P@ssw0rd1",false,"7157FCDE-3F43-43A6-802A-F5BA53B6A954",null,"Thu Jun 09 14:16:03 UTC 2022",null
"DavisAlvarez101@snailmail.com","Davis","Davis Alvarez","Alvarez",null,"P@ssw0rd1",false,"716D6145-495C-48C7-AE34-C734EE6890E3",null,"Wed Jun 01 22:13:04 UTC 2022",null
null,null,null,null,"raw",null,false,"725702EB-7207-4112-BA2B-4B92080F6EB1",null,"Thu Jun 09 14:27:18 UTC 2022",null
"MoniqueEspinoza101@snailmail.com","Monique","Monique Espinoza","Espinoza",null,"P@ssw0rd1",false,"72E21AC9-12E1-4A6C-B00A-AA056CF5C4DD",null,"Thu Jun 09 14:15:32 UTC 2022",null
"CarolineHatfield101@snailmail.com","Caroline","Caroline Hatfield","Hatfield",null,"P@ssw0rd1",false,"730A62BC-CCA1-4A07-86A3-76F50B6BE4A4",null,"Thu Jun 09 14:15:32 UTC 2022",null
"MorganPacheco101@snailmail.com","Morgan","Morgan Pacheco","Pacheco",null,"P@ssw0rd1",false,"7344B5A9-95B5-4EB5-BDA7-B7133203CC04",null,"Wed Jun 01 22:13:04 UTC 2022",null
"PatrickBanks101@snailmail.com","Patrick","Patrick Banks","Banks",null,"P@ssw0rd1",false,"735C7E8F-EFB2-4462-AA9B-373310F71576",null,"Thu Jun 09 14:15:32 UTC 2022",null
"MarceloSanders101@snailmail.com","Marcelo","Marcelo Sanders","Sanders",null,"P@ssw0rd1",false,"7387E89D-DE78-46F6-AD5F-A0600843855F",null,"Wed Jun 01 22:13:04 UTC 2022",null
null,null,null,null,"raw",null,false,"739CDFA6-10A7-4DD1-9463-A5509C0201D3",null,"Thu Jun 09 14:23:46 UTC 2022",null
"AlexiaHodges101@snailmail.com","Alexia","Alexia Hodges","Hodges",null,"P@ssw0rd1",false,"74BBA599-F4AE-41EF-B83F-B1522E4E81AA",null,"Wed Jun 01 22:13:04 UTC 2022",null
"JadaAyers101@snailmail.com","Jada","Jada Ayers","Ayers",null,"P@ssw0rd1",false,"753C7F59-BC8B-4154-A884-EA55BD1C6040",null,"Thu Jun 09 14:16:03 UTC 2022",null
"ZackaryOdonnell101@snailmail.com","Zackary","Zackary Odonnell","Odonnell",null,"P@ssw0rd1",false,"76205C61-CC87-41F5-B32A-01C8F0EB97CA",null,"Thu Jun 09 14:16:03 UTC 2022",null
"AnnabelBridges101@snailmail.com","Annabel","Annabel Bridges","Bridges",null,"P@ssw0rd1",false,"767443F3-5558-4936-AE6B-0A787992B1A8",null,"Wed Jun 01 22:13:04 UTC 2022",null
"MaximusMann101@snailmail.com","Maximus","Maximus Mann","Mann",null,"P@ssw0rd1",false,"7701D01B-F904-4DB9-B758-DE991776D643",null,"Thu Jun 09 14:15:32 UTC 2022",null
"LillianRose101@snailmail.com","Lillian","Lillian Rose","Rose",null,"P@ssw0rd1",false,"77963376-DABD-4D0D-B7CC-313CC712892C",null,"Thu Jun 09 14:15:32 UTC 2022",null
"AmiyahWard101@snailmail.com","Amiyah","Amiyah Ward","Ward",null,"P@ssw0rd1",false,"7A1C3D3D-7DF3-4740-8533-9C8F63006EA0",null,"Wed Jun 01 22:13:04 UTC 2022",null
"JocelynBecker101@snailmail.com","Jocelyn","Jocelyn Becker","Becker",null,"P@ssw0rd1",false,"7AA17E2A-12A6-499E-91AB-A70083C652BD",null,"Wed Jun 01 22:13:04 UTC 2022",null
"JuliannaGarcia101@snailmail.com","Julianna","Julianna Garcia","Garcia",null,"P@ssw0rd1",false,"7AA7D31F-A25B-4B8A-8AA2-07800FA557BC",null,"Thu Jun 09 14:16:03 UTC 2022",null
"WillowRowe101@snailmail.com","Willow","Willow Rowe","Rowe",null,"P@ssw0rd1",false,"7BAEB3A1-268B-4D2E-8770-1EF9DB11CF0F",null,"Thu Jun 09 14:16:03 UTC 2022",null
"MaliyahBeard101@snailmail.com","Maliyah","Maliyah Beard","Beard",null,"P@ssw0rd1",false,"7C133271-C4C6-4E4B-BE80-FF29C143F3ED",null,"Thu Jun 09 14:16:03 UTC 2022",null
"VeronicaBrandt101@snailmail.com","Veronica","Veronica Brandt","Brandt",null,"P@ssw0rd1",false,"7C178A1C-7BAE-41C7-AE1A-FFAA37CBCA95",null,"Wed Jun 01 22:13:04 UTC 2022",null
"CarolineHatfield101@snailmail.com","Caroline","Caroline Hatfield","Hatfield",null,"P@ssw0rd1",false,"7C182501-3129-4580-8144-0176679E54AF",null,"Thu Jun 09 14:16:03 UTC 2022",null
"MaliyahTanner101@snailmail.com","Maliyah","Maliyah Tanner","Tanner",null,"P@ssw0rd1",false,"7C382BFA-8A06-4A73-9234-10C189B255B4",null,"Thu Jun 09 14:16:03 UTC 2022",null
"DaxRiddle101@snailmail.com","Dax","Dax Riddle","Riddle",null,"P@ssw0rd1",false,"7C8FD6C8-9D84-4BE8-A6DC-9BD1171608E9",null,"Thu Jun 09 14:16:03 UTC 2022",null
"CurtisFerrell101@snailmail.com","Curtis","Curtis Ferrell","Ferrell",null,"P@ssw0rd1",false,"7F88C26C-669D-44FE-91DA-AD331A1F3E49",null,"Wed Jun 01 22:13:04 UTC 2022",null
"PaigeStafford101@snailmail.com","Paige","Paige Stafford","Stafford",null,"P@ssw0rd1",false,"7FDEDE01-B61A-45E6-8F29-53F26E5D2F89",null,"Wed Jun 01 22:13:04 UTC 2022",null
"IngridManning101@snailmail.com","Ingrid","Ingrid Manning","Manning",null,"P@ssw0rd1",false,"803EAF93-1FB7-4966-93EA-5A84B2DCC341",null,"Thu Jun 09 14:16:03 UTC 2022",null
"JovannyMacias101@snailmail.com","Jovanny","Jovanny Macias","Macias",null,"P@ssw0rd1",false,"8077E74B-49C5-4E6C-8B29-CD2FE4A4F54B",null,"Thu Jun 09 14:16:03 UTC 2022",null
"FreddyCampos101@snailmail.com","Freddy","Freddy Campos","Campos",null,"P@ssw0rd1",false,"80DCF8F0-7DC0-4576-9FE2-7ABCD9A4FE24",null,"Wed Jun 01 22:13:04 UTC 2022",null
"BradyJohnston101@snailmail.com","Brady","Brady Johnston","Johnston",null,"P@ssw0rd1",false,"81056D8A-6E21-46DB-B921-FE71FFDAEB71",null,"Wed Jun 01 22:13:04 UTC 2022",null
"FrederickMorrow101@snailmail.com","Frederick","Frederick Morrow","Morrow",null,"P@ssw0rd1",false,"822047CC-70C3-42A7-B55E-6E78A2A14BAC",null,"Thu Jun 09 14:15:32 UTC 2022",null
"AliaRay101@snailmail.com","Alia","Alia Ray","Ray",null,"P@ssw0rd1",false,"84EDCF64-89C5-4323-980D-803E1473D4A3",null,"Thu Jun 09 14:15:32 UTC 2022",null
"IsraelMaldonado101@snailmail.com","Israel","Israel Maldonado","Maldonado",null,"P@ssw0rd1",false,"84FCE6C9-74F7-4585-9977-572D02576BB9",null,"Thu Jun 09 14:15:32 UTC 2022",null
"CheyanneCarpenter101@snailmail.com","Cheyanne","Cheyanne Carpenter","Carpenter",null,"P@ssw0rd1",false,"85ECE559-5EF6-4E1B-B7BF-00754E01DB91",null,"Wed Jun 01 22:13:04 UTC 2022",null
"NoraBlackburn101@snailmail.com","Nora","Nora Blackburn","Blackburn",null,"P@ssw0rd1",false,"8BCCB16B-FF0E-4F50-AAEC-6A1FFD9C8BFA",null,"Thu Jun 09 14:16:03 UTC 2022",null
"LilahCameron101@snailmail.com","Lilah","Lilah Cameron","Cameron",null,"P@ssw0rd1",false,"8C209738-05FD-464B-802D-1DFE68250FA0",null,"Thu Jun 09 14:15:32 UTC 2022",null
"AbigayleBolton101@snailmail.com","Abigayle","Abigayle Bolton","Bolton",null,"P@ssw0rd1",false,"8CA584C1-0462-47C5-A681-58E138F20E76",null,"Thu Jun 09 14:15:32 UTC 2022",null
"JovannyMacias101@snailmail.com","Jovanny","Jovanny Macias","Macias",null,"P@ssw0rd1",false,"8DC0ACF9-422F-4F45-991F-D514051B2522",null,"Thu Jun 09 14:15:32 UTC 2022",null
"ShamarHood101@snailmail.com","Shamar","Shamar Hood","Hood",null,"P@ssw0rd1",false,"8F767146-66C9-4017-8FE4-86650054FD14",null,"Wed Jun 01 22:13:04 UTC 2022",null
"AlexiaHodges101@snailmail.com","Alexia","Alexia Hodges","Hodges",null,"P@ssw0rd1",false,"8FD8371B-AFE7-479A-8C12-88175CD10DC2",null,"Thu Jun 09 14:16:03 UTC 2022",null
null,null,null,null,null,null,false,"90514FBD-2212-4C75-BE62-4CEFF97BB4C0",null,"Fri Jun 10 14:40:23 UTC 2022",null
"MyaForbes101@snailmail.com","Mya","Mya Forbes","Forbes",null,"P@ssw0rd1",false,"925454E8-B3A1-4C59-8B04-C53C8649A691",null,"Thu Jun 09 14:15:32 UTC 2022",null
"JuanStevenson101@snailmail.com","Juan","Juan Stevenson","Stevenson",null,"P@ssw0rd1",false,"9293A589-2990-45A3-94A5-4EC472E31F02",null,"Wed Jun 01 22:13:04 UTC 2022",null
"MolliePowell101@snailmail.com","Mollie","Mollie Powell","Powell",null,"P@ssw0rd1",false,"9363D75A-AD67-4CE7-9463-C861A3E03397",null,"Thu Jun 09 14:15:32 UTC 2022",null
"TiannaParker101@snailmail.com","Tianna","Tianna Parker","Parker",null,"P@ssw0rd1",false,"93BFBD7B-F500-4451-9685-7A3E8BFBF954",null,"Thu Jun 09 14:15:32 UTC 2022",null
"JackSchwartz101@snailmail.com","Jack","Jack Schwartz","Schwartz",null,"P@ssw0rd1",false,"94B304BD-231A-4D73-A767-FA8F850D91A2",null,"Thu Jun 09 14:16:03 UTC 2022",null
"BradyJohnston101@snailmail.com","Brady","Brady Johnston","Johnston",null,"P@ssw0rd1",false,"94CDD35C-F8FD-4292-ACD9-12D49096E027",null,"Thu Jun 09 14:16:03 UTC 2022",null
"CaleFields101@snailmail.com","Cale","Cale Fields","Fields",null,"P@ssw0rd1",false,"953EE006-CF83-4D93-B842-9D5EAC2D31B9",null,"Wed Jun 01 22:13:04 UTC 2022",null
"EmeryAdkins101@snailmail.com","Emery","Emery Adkins","Adkins",null,"P@ssw0rd1",false,"96A2BCD7-5E05-4D12-AF4B-8A22875E7951",null,"Thu Jun 09 14:16:03 UTC 2022",null
"BaileeDoyle101@snailmail.com","Bailee","Bailee Doyle","Doyle",null,"P@ssw0rd1",false,"96DC1340-0946-462C-8629-1F7E7346833F",null,"Thu Jun 09 14:16:03 UTC 2022",null
"CaleFields101@snailmail.com","Cale","Cale Fields","Fields",null,"P@ssw0rd1",false,"977995FB-997A-442B-B2AD-AB0528D579C8",null,"Thu Jun 09 14:16:03 UTC 2022",null
"ShamarHood101@snailmail.com","Shamar","Shamar Hood","Hood",null,"P@ssw0rd1",false,"983F610F-10BA-4493-B188-31C310D21D0B",null,"Thu Jun 09 14:15:32 UTC 2022",null
"KyraRussell101@snailmail.com","Kyra","Kyra Russell","Russell",null,"P@ssw0rd1",false,"9A6B7E71-AE99-4211-AFBC-022A2BC465F1",null,"Thu Jun 09 14:16:03 UTC 2022",null
"FrederickMorrow101@snailmail.com","Frederick","Frederick Morrow","Morrow",null,"P@ssw0rd1",false,"9AB51377-6E54-4671-B3C9-64CAF40CBF3F",null,"Wed Jun 01 22:13:04 UTC 2022",null
"GabrielleGraves101@snailmail.com","Gabrielle","Gabrielle Graves","Graves",null,"P@ssw0rd1",false,"9C674279-0D0A-4162-B241-764C5940435C",null,"Thu Jun 09 14:15:32 UTC 2022",null
"PaigeStafford101@snailmail.com","Paige","Paige Stafford","Stafford",null,"P@ssw0rd1",false,"9C808036-6437-4312-81B7-D0F6FC724DC5",null,"Thu Jun 09 14:15:32 UTC 2022",null
"PatrickBanks101@snailmail.com","Patrick","Patrick Banks","Banks",null,"P@ssw0rd1",false,"9C96C36E-2733-4CED-A3B4-82BA370ED8F9",null,"Thu Jun 09 14:16:03 UTC 2022",null
"CarlaCarlson101@snailmail.com","Carla","Carla Carlson","Carlson",null,"P@ssw0rd1",false,"9F08909C-6C8C-4CD0-AE3F-BB896A1428C4",null,"Wed Jun 01 22:13:04 UTC 2022",null
"BarbaraDuffy101@snailmail.com","Barbara","Barbara Duffy","Duffy",null,"P@ssw0rd1",false,"9FD411D3-A2EF-44CE-B90B-3CBA0476587A",null,"Wed Jun 01 22:13:04 UTC 2022",null
"ErnestBonilla101@snailmail.com","Ernest","Ernest Bonilla","Bonilla",null,"P@ssw0rd1",false,"A2EB0A0D-7526-4668-88EF-2FCF2618C79B",null,"Thu Jun 09 14:16:03 UTC 2022",null
"ZacheryLevy101@snailmail.com","Zachery","Zachery Levy","Levy",null,"P@ssw0rd1",false,"A2ED8292-BCDF-4772-B6F7-7F37DBFF902D",null,"Thu Jun 09 14:16:03 UTC 2022",null
"MaddenWarren101@snailmail.com","Madden","Madden Warren","Warren",null,"P@ssw0rd1",false,"A52A9871-B336-4C91-84CD-BA6D7EC470BF",null,"Thu Jun 09 14:15:32 UTC 2022",null
"GilbertStrong101@snailmail.com","Gilbert","Gilbert Strong","Strong",null,"P@ssw0rd1",false,"A7F2CB06-F205-4241-A390-6F54C67DFFAF",null,"Thu Jun 09 14:16:03 UTC 2022",null
"DakotaParks101@snailmail.com","Dakota","Dakota Parks","Parks",null,"P@ssw0rd1",false,"A84A809C-3575-4E95-91F4-D6E98A099494",null,"Thu Jun 09 14:16:03 UTC 2022",null
"ZackeryMills101@snailmail.com","Zackery","Zackery Mills","Mills",null,"P@ssw0rd1",false,"AA7D38DC-1DBD-4C4B-87BE-53A129736F10",null,"Thu Jun 09 14:16:03 UTC 2022",null
"BaileeDoyle101@snailmail.com","Bailee","Bailee Doyle","Doyle",null,"P@ssw0rd1",false,"ABD767EB-DC3F-4E3B-8DFE-A9CFC1F7CD57",null,"Thu Jun 09 14:15:32 UTC 2022",null
"AyaanLindsey101@snailmail.com","Ayaan","Ayaan Lindsey","Lindsey",null,"P@ssw0rd1",false,"AC1916F4-21AD-4B98-ACCD-2A22C2C17127",null,"Wed Jun 01 22:13:04 UTC 2022",null
"JuanStevenson101@snailmail.com","Juan","Juan Stevenson","Stevenson",null,"P@ssw0rd1",false,"AD24D851-CA64-4ED4-AA5A-67C165F42EA1",null,"Thu Jun 09 14:15:32 UTC 2022",null
"JakeArias101@snailmail.com","Jake","Jake Arias","Arias",null,"P@ssw0rd1",false,"AE862521-24DA-43DE-B59E-90348EC12071",null,"Thu Jun 09 14:15:32 UTC 2022",null
"NoraBlackburn101@snailmail.com","Nora","Nora Blackburn","Blackburn",null,"P@ssw0rd1",false,"AF402DAC-9FC8-4C68-BBCB-C947ED9BA9A7",null,"Wed Jun 01 22:13:04 UTC 2022",null
"NatalyaPacheco101@snailmail.com","Natalya","Natalya Pacheco","Pacheco",null,"P@ssw0rd1",false,"AF7C1360-7790-4BC8-98C3-5D6C261AE10B",null,"Thu Jun 09 14:15:32 UTC 2022",null
"JolieCrane101@snailmail.com","Jolie","Jolie Crane","Crane",null,"P@ssw0rd1",false,"AFD04363-2946-4649-8618-DCD94D76C1CD",null,"Thu Jun 09 14:15:32 UTC 2022",null
"IsabelaGalvan101@snailmail.com","Isabela","Isabela Galvan","Galvan",null,"P@ssw0rd1",false,"B0012BB9-1992-44DE-9546-7C94A21CECC6",null,"Thu Jun 09 14:16:03 UTC 2022",null
"JackSchwartz101@snailmail.com","Jack","Jack Schwartz","Schwartz",null,"P@ssw0rd1",false,"B10142F2-0D1B-44BC-9CFA-9C189F8493DC",null,"Wed Jun 01 22:13:04 UTC 2022",null
"UriahSawyer101@snailmail.com","Uriah","Uriah Sawyer","Sawyer",null,"P@ssw0rd1",false,"B1E55F29-E84B-466E-BC94-8CF972D28299",null,"Thu Jun 09 14:16:03 UTC 2022",null
"JocelynBecker101@snailmail.com","Jocelyn","Jocelyn Becker","Becker",null,"P@ssw0rd1",false,"B31128FC-C80F-4D05-80A3-601208D88D91",null,"Thu Jun 09 14:15:32 UTC 2022",null
"WilsonHorn101@snailmail.com","Wilson","Wilson Horn","Horn",null,"P@ssw0rd1",false,"B3E5803A-A618-4227-96CC-C754DF3B74A7",null,"Wed Jun 01 22:13:04 UTC 2022",null
"AriaShepherd101@snailmail.com","Aria","Aria Shepherd","Shepherd",null,"P@ssw0rd1",false,"B4B7CFE2-0473-458F-A4DF-A84F9F111F48",null,"Thu Jun 09 14:15:32 UTC 2022",null
"ZainGraham101@snailmail.com","Zain","Zain Graham","Graham",null,"P@ssw0rd1",false,"B5695574-A82B-44DF-9E58-8B00B4F4BBC1",null,"Wed Jun 01 22:13:04 UTC 2022",null
"MakenzieLloyd101@snailmail.com","Makenzie","Makenzie Lloyd","Lloyd",null,"P@ssw0rd1",false,"B86F4136-E8BE-4FC1-8E03-A1E7E0FBC58F",null,"Thu Jun 09 14:15:32 UTC 2022",null
"MoniqueEspinoza101@snailmail.com","Monique","Monique Espinoza","Espinoza",null,"P@ssw0rd1",false,"B902DDF0-29CF-4829-8212-BFA7831867A0",null,"Thu Jun 09 14:16:03 UTC 2022",null
"UriahSawyer101@snailmail.com","Uriah","Uriah Sawyer","Sawyer",null,"P@ssw0rd1",false,"B913B084-7F0A-43AD-9D0F-EF1465FAA45D",null,"Thu Jun 09 14:15:32 UTC 2022",null
"MikaelaBall101@snailmail.com","Mikaela","Mikaela Ball","Ball",null,"P@ssw0rd1",false,"BA0A549E-B613-4E01-BDB5-E832417349C7",null,"Thu Jun 09 14:16:03 UTC 2022",null
"MarceloHerrera101@snailmail.com","Marcelo","Marcelo Herrera","Herrera",null,"P@ssw0rd1",false,"BA9568A3-64C1-4286-8436-5D916C68E294",null,"Thu Jun 09 14:16:03 UTC 2022",null
"LilahCameron101@snailmail.com","Lilah","Lilah Cameron","Cameron",null,"P@ssw0rd1",false,"BAAF4E37-2A57-41CF-89BA-092D323B1466",null,"Wed Jun 01 22:13:04 UTC 2022",null
"ScarletPitts101@snailmail.com","Scarlet","Scarlet Pitts","Pitts",null,"P@ssw0rd1",false,"BAD59892-3B54-49A6-89FD-3360C0BE3E8C",null,"Wed Jun 01 22:13:04 UTC 2022",null
"JadaAyers101@snailmail.com","Jada","Jada Ayers","Ayers",null,"P@ssw0rd1",false,"BD7EDF59-E378-4919-B621-E0DEDF679A9E",null,"Wed Jun 01 22:13:04 UTC 2022",null
"ZoieJarvis101@snailmail.com","Zoie","Zoie Jarvis","Jarvis",null,"P@ssw0rd1",false,"BDA2F5C6-D868-4BC7-B250-C24FA48F6EAA",null,"Thu Jun 09 14:16:03 UTC 2022",null
"KieranDalton101@snailmail.com","Kieran","Kieran Dalton","Dalton",null,"P@ssw0rd1",false,"BDCF4AC6-3B16-4231-8D9A-1DD9A86CD7BD",null,"Thu Jun 09 14:16:03 UTC 2022",null
"AmiyahWard101@snailmail.com","Amiyah","Amiyah Ward","Ward",null,"P@ssw0rd1",false,"BE0536C0-D5D3-4245-9FC3-E8734220B4DD",null,"Thu Jun 09 14:16:03 UTC 2022",null
"BrendenWeeks101@snailmail.com","Brenden","Brenden Weeks","Weeks",null,"P@ssw0rd1",false,"BE0EF516-BF86-4B85-BA52-D0AC3E23CEA4",null,"Thu Jun 09 14:16:03 UTC 2022",null
"GideonMartin101@snailmail.com","Gideon","Gideon Martin","Martin",null,"P@ssw0rd1",false,"BEBD4EF4-F545-499F-BA54-A7523F5CE38C",null,"Thu Jun 09 14:15:32 UTC 2022",null
"DavisAlvarez101@snailmail.com","Davis","Davis Alvarez","Alvarez",null,"P@ssw0rd1",false,"BF49E32E-86B7-4414-B4DD-E38BB92C47A3",null,"Thu Jun 09 14:15:32 UTC 2022",null
"AlejandroBender101@snailmail.com","Alejandro","Alejandro Bender","Bender",null,"P@ssw0rd1",false,"BFDC3924-0F9A-4643-B74E-C07584835A3D",null,"Thu Jun 09 14:16:03 UTC 2022",null
"MaceyGuerra101@snailmail.com","Macey","Macey Guerra","Guerra",null,"P@ssw0rd1",false,"BFFA8601-59C6-4777-9923-28753AB3B197",null,"Thu Jun 09 14:16:03 UTC 2022",null
"GideonMartin101@snailmail.com","Gideon","Gideon Martin","Martin",null,"P@ssw0rd1",false,"C21D97B3-0C50-417C-8994-F56AD72BFA55",null,"Thu Jun 09 14:16:03 UTC 2022",null
"MikaelaBall101@snailmail.com","Mikaela","Mikaela Ball","Ball",null,"P@ssw0rd1",false,"C24D7E73-3498-417D-8B9D-695B8723DAA6",null,"Thu Jun 09 14:15:32 UTC 2022",null
"CarlaCarlson101@snailmail.com","Carla","Carla Carlson","Carlson",null,"P@ssw0rd1",false,"C3CEE48D-0342-4506-B96D-693D27343803",null,"Thu Jun 09 14:15:32 UTC 2022",null
"KieranDalton101@snailmail.com","Kieran","Kieran Dalton","Dalton",null,"P@ssw0rd1",false,"C4A89EFE-0C2F-4E2E-893F-710A52F07D18",null,"Wed Jun 01 22:13:04 UTC 2022",null
"NatalyaPacheco101@snailmail.com","Natalya","Natalya Pacheco","Pacheco",null,"P@ssw0rd1",false,"C4DE6EDD-B42B-4402-B2B2-A9648E44DA8E",null,"Wed Jun 01 22:13:04 UTC 2022",null
"ZackaryOdonnell101@snailmail.com","Zackary","Zackary Odonnell","Odonnell",null,"P@ssw0rd1",false,"C632DC9C-CFC4-4D13-BED7-E6D8E25DA873",null,"Thu Jun 09 14:15:32 UTC 2022",null
"DiyaEvans101@snailmail.com","Diya","Diya Evans","Evans",null,"P@ssw0rd1",false,"C915E43A-16F6-44CC-B153-59FAFC069BD0",null,"Wed Jun 01 22:13:04 UTC 2022",null
"MakenzieLloyd101@snailmail.com","Makenzie","Makenzie Lloyd","Lloyd",null,"P@ssw0rd1",false,"CD520231-2412-4DC1-AEDA-449365077D62",null,"Wed Jun 01 22:13:04 UTC 2022",null
"KoenSnyder101@snailmail.com","Koen","Koen Snyder","Snyder",null,"P@ssw0rd1",false,"CDFFD1B7-BFFD-4139-8E89-7B1D9405A45A",null,"Wed Jun 01 22:13:04 UTC 2022",null
"MorganPacheco101@snailmail.com","Morgan","Morgan Pacheco","Pacheco",null,"P@ssw0rd1",false,"CEF2BE7D-A5FE-4A9E-838F-F827A99C6815",null,"Thu Jun 09 14:16:03 UTC 2022",null
"ErinPruitt101@snailmail.com","Erin","Erin Pruitt","Pruitt",null,"P@ssw0rd1",false,"CF1651C7-2B2C-479E-B283-E49B841DC07E",null,"Wed Jun 01 22:13:04 UTC 2022",null
"NatalyaPacheco101@snailmail.com","Natalya","Natalya Pacheco","Pacheco",null,"P@ssw0rd1",false,"CFBE1EFD-93C1-41A3-8EA9-E3A3730B7168",null,"Thu Jun 09 14:16:03 UTC 2022",null
"CasonOlsen101@snailmail.com","Cason","Cason Olsen","Olsen",null,"P@ssw0rd1",false,"D04AFDAF-CDE9-4D5E-9260-B4F32F349692",null,"Thu Jun 09 14:16:03 UTC 2022",null
"MorganPacheco101@snailmail.com","Morgan","Morgan Pacheco","Pacheco",null,"P@ssw0rd1",false,"D04BC795-8C33-4DF0-8B7E-0B961EDAACD7",null,"Thu Jun 09 14:15:32 UTC 2022",null
"CherishHayes101@snailmail.com","Cherish","Cherish Hayes","Hayes",null,"P@ssw0rd1",false,"D0D1FF1A-84B2-46E5-B714-BE6848644653",null,"Thu Jun 09 14:15:32 UTC 2022",null
"DakotaParks101@snailmail.com","Dakota","Dakota Parks","Parks",null,"P@ssw0rd1",false,"D0EB38F4-FC08-4A6E-81B6-9B5FCEB2707E",null,"Thu Jun 09 14:15:32 UTC 2022",null
"LilahCameron101@snailmail.com","Lilah","Lilah Cameron","Cameron",null,"P@ssw0rd1",false,"D119B9A1-15EE-41AF-8FBC-9F1932D9C078",null,"Thu Jun 09 14:16:03 UTC 2022",null
"DiyaEvans101@snailmail.com","Diya","Diya Evans","Evans",null,"P@ssw0rd1",false,"D1BD3103-E94A-4D73-A0AA-B7763B0A9D78",null,"Thu Jun 09 14:16:03 UTC 2022",null
"MaceyGuerra101@snailmail.com","Macey","Macey Guerra","Guerra",null,"P@ssw0rd1",false,"D23B69B5-4C88-4D1D-9E0D-A017149FCF9B",null,"Wed Jun 01 22:13:04 UTC 2022",null
"BarbaraDuffy101@snailmail.com","Barbara","Barbara Duffy","Duffy",null,"P@ssw0rd1",false,"D5444567-73C3-47A8-A852-05C40D1BD2BB",null,"Thu Jun 09 14:16:03 UTC 2022",null
"AntonioNorris101@snailmail.com","Antonio","Antonio Norris","Norris",null,"P@ssw0rd1",false,"D5C15886-29F5-4833-A10C-D1176D5F0CF4",null,"Thu Jun 09 14:15:32 UTC 2022",null
"AniyahHiggins101@snailmail.com","Aniyah","Aniyah Higgins","Higgins",null,"P@ssw0rd1",false,"D5D2539C-92A9-44D4-B8AA-F7C9C71D0432",null,"Thu Jun 09 14:15:32 UTC 2022",null
"YaritzaGallagher101@snailmail.com","Yaritza","Yaritza Gallagher","Gallagher",null,"P@ssw0rd1",false,"D663401F-D376-40B8-9773-78FFDF7D5FE1",null,"Thu Jun 09 14:16:03 UTC 2022",null
"DaxRiddle101@snailmail.com","Dax","Dax Riddle","Riddle",null,"P@ssw0rd1",false,"D7CB8F0C-1103-43D2-B938-3427315ADD71",null,"Wed Jun 01 22:13:04 UTC 2022",null
"KaitlinDavenport101@snailmail.com","Kaitlin","Kaitlin Davenport","Davenport",null,"P@ssw0rd1",false,"D7E42BF4-0334-4673-9E9B-5731D40F6E98",null,"Wed Jun 01 22:13:04 UTC 2022",null
"KaitlinDavenport101@snailmail.com","Kaitlin","Kaitlin Davenport","Davenport",null,"P@ssw0rd1",false,"D85AAC99-C217-427B-85E2-FAAA84DE2C65",null,"Thu Jun 09 14:16:03 UTC 2022",null
"EzequielOneill101@snailmail.com","Ezequiel","Ezequiel Oneill","Oneill",null,"P@ssw0rd1",false,"D9794F4D-0CAE-445D-8B78-037B20EF5FE1",null,"Thu Jun 09 14:15:32 UTC 2022",null
"MakenzieLloyd101@snailmail.com","Makenzie","Makenzie Lloyd","Lloyd",null,"P@ssw0rd1",false,"DAF2882F-EDA8-4B47-879E-2D4F3D315271",null,"Thu Jun 09 14:16:03 UTC 2022",null
"VeronicaBrandt101@snailmail.com","Veronica","Veronica Brandt","Brandt",null,"P@ssw0rd1",false,"DB3317D3-0630-46D5-8601-E80E77CEAB94",null,"Thu Jun 09 14:15:32 UTC 2022",null
"JovaniAlvarez101@snailmail.com","Jovani","Jovani Alvarez","Alvarez",null,"P@ssw0rd1",false,"DBDB1EC8-AB49-4D5C-8338-909CAFF936D8",null,"Thu Jun 09 14:15:32 UTC 2022",null
"LillianRose101@snailmail.com","Lillian","Lillian Rose","Rose",null,"P@ssw0rd1",false,"DC0D1341-5B32-4F11-BFF4-001160A1B68E",null,"Wed Jun 01 22:13:04 UTC 2022",null
"DavisAlvarez101@snailmail.com","Davis","Davis Alvarez","Alvarez",null,"P@ssw0rd1",false,"DDA4134A-4B15-4D24-B36B-2F3F87917D41",null,"Thu Jun 09 14:16:03 UTC 2022",null
"PaisleyDurham101@snailmail.com","Paisley","Paisley Durham","Durham",null,"P@ssw0rd1",false,"DDF6D856-319B-47DB-AC43-26F3E0777352",null,"Wed Jun 01 22:13:04 UTC 2022",null
"BrendenWeeks101@snailmail.com","Brenden","Brenden Weeks","Weeks",null,"P@ssw0rd1",false,"DF69AD72-14F4-421B-AA27-4B0D09CCE846",null,"Wed Jun 01 22:13:04 UTC 2022",null
"MolliePowell101@snailmail.com","Mollie","Mollie Powell","Powell",null,"P@ssw0rd1",false,"DFBA3DA6-4C3F-40E6-B2FB-3EB4E5317A0D",null,"Wed Jun 01 22:13:04 UTC 2022",null
"BrandonBates101@snailmail.com","Brandon","Brandon Bates","Bates",null,"P@ssw0rd1",false,"DFC3F78E-8652-4669-847B-E479119F7AE9",null,"Thu Jun 09 14:16:03 UTC 2022",null
"MathewDawson101@snailmail.com","Mathew","Mathew Dawson","Dawson",null,"P@ssw0rd1",false,"DFCE34AB-AA52-47F4-A087-3959D36388ED",null,"Thu Jun 09 14:15:32 UTC 2022",null
"KyraRussell101@snailmail.com","Kyra","Kyra Russell","Russell",null,"P@ssw0rd1",false,"E09AAE58-DABB-44D5-831B-0BD62A005970",null,"Wed Jun 01 22:13:04 UTC 2022",null
"YaritzaGallagher101@snailmail.com","Yaritza","Yaritza Gallagher","Gallagher",null,"P@ssw0rd1",false,"E115FC39-982E-4F1D-9B44-C71CB2610053",null,"Wed Jun 01 22:13:04 UTC 2022",null
"CherishHayes101@snailmail.com","Cherish","Cherish Hayes","Hayes",null,"P@ssw0rd1",false,"E17EB6AC-3D19-4767-B585-981A16B9176D",null,"Thu Jun 09 14:16:03 UTC 2022",null
"GabrielleGraves101@snailmail.com","Gabrielle","Gabrielle Graves","Graves",null,"P@ssw0rd1",false,"E1A29C23-C69E-486C-A5D8-CC7100097E83",null,"Thu Jun 09 14:16:03 UTC 2022",null
"FionaBaxter101@snailmail.com","Fiona","Fiona Baxter","Baxter",null,"P@ssw0rd1",false,"E2C72D91-445E-4D37-9BDB-A96647C9F196",null,"Thu Jun 09 14:16:03 UTC 2022",null
"BradenAllen101@snailmail.com","Braden","Braden Allen","Allen",null,"P@ssw0rd1",false,"E432CF57-B5A5-4FB0-938C-818FBE78FC4B",null,"Wed Jun 01 22:13:04 UTC 2022",null
"MaliyahTanner101@snailmail.com","Maliyah","Maliyah Tanner","Tanner",null,"P@ssw0rd1",false,"E5094123-3073-46F8-B223-284441A745BC",null,"Thu Jun 09 14:15:32 UTC 2022",null
"ErinPruitt101@snailmail.com","Erin","Erin Pruitt","Pruitt",null,"P@ssw0rd1",false,"E5C54FBB-9AF6-4ECA-A594-F17CED7EAA0A",null,"Thu Jun 09 14:15:32 UTC 2022",null
"SherlynGarrison101@snailmail.com","Sherlyn","Sherlyn Garrison","Garrison",null,"P@ssw0rd1",false,"E982395E-A0D1-4C6D-9BE4-5BDFE800939F",null,"Thu Jun 09 14:16:03 UTC 2022",null
"UriahSawyer101@snailmail.com","Uriah","Uriah Sawyer","Sawyer",null,"P@ssw0rd1",false,"EA03AC8D-A3F1-4A43-A6EC-03DC28DA434F",null,"Wed Jun 01 22:13:04 UTC 2022",null
"BarbaraDuffy101@snailmail.com","Barbara","Barbara Duffy","Duffy",null,"P@ssw0rd1",false,"EA674AA9-9C83-446D-A4B3-99DA393276F5",null,"Thu Jun 09 14:15:32 UTC 2022",null
"AntonioNorris101@snailmail.com","Antonio","Antonio Norris","Norris",null,"P@ssw0rd1",false,"EADD7FEF-6C1B-48F0-8503-6024E95D7BFA",null,"Thu Jun 09 14:16:03 UTC 2022",null
"PaisleyDurham101@snailmail.com","Paisley","Paisley Durham","Durham",null,"P@ssw0rd1",false,"EBE95612-0295-46B0-BB36-018C6A3196C0",null,"Thu Jun 09 14:15:32 UTC 2022",null
"CurtisFerrell101@snailmail.com","Curtis","Curtis Ferrell","Ferrell",null,"P@ssw0rd1",false,"EC44DF00-A274-4CDA-91B2-7F13A75DBEE6",null,"Thu Jun 09 14:15:32 UTC 2022",null
"MarleyWatkins101@snailmail.com","Marley","Marley Watkins","Watkins",null,"P@ssw0rd1",false,"ED8CEDD3-49A0-4CC6-9F2E-CDC380F83DEC",null,"Wed Jun 01 22:13:04 UTC 2022",null
"MathewDawson101@snailmail.com","Mathew","Mathew Dawson","Dawson",null,"P@ssw0rd1",false,"EDC2AA6E-70F3-477B-8635-9E3CE76F3419",null,"Thu Jun 09 14:16:03 UTC 2022",null
"IngridManning101@snailmail.com","Ingrid","Ingrid Manning","Manning",null,"P@ssw0rd1",false,"EE202D34-8130-4A4E-B9D3-FF52676DB654",null,"Thu Jun 09 14:15:32 UTC 2022",null
"CasonOlsen101@snailmail.com","Cason","Cason Olsen","Olsen",null,"P@ssw0rd1",false,"F085D904-AB46-4F41-859C-B3A8DD3E97E0",null,"Thu Jun 09 14:15:32 UTC 2022",null
"MarceloHerrera101@snailmail.com","Marcelo","Marcelo Herrera","Herrera",null,"P@ssw0rd1",false,"F0C7741D-7D85-439B-9867-BD437D4D307E",null,"Wed Jun 01 22:13:04 UTC 2022",null
"PatrickBanks101@snailmail.com","Patrick","Patrick Banks","Banks",null,"P@ssw0rd1",false,"F0FE1A6C-C9EA-4405-81D3-80AC2CF35DAB",null,"Wed Jun 01 22:13:04 UTC 2022",null
"LunaDaniel101@snailmail.com","Luna","Luna Daniel","Daniel",null,"P@ssw0rd1",false,"F1F175E9-6826-47EF-A44B-59DA2D867FD6",null,"Thu Jun 09 14:15:32 UTC 2022",null
"ZoieJarvis101@snailmail.com","Zoie","Zoie Jarvis","Jarvis",null,"P@ssw0rd1",false,"F37F5B4D-1AAC-401D-BD95-B25C4EC46511",null,"Thu Jun 09 14:15:32 UTC 2022",null
"MolliePowell101@snailmail.com","Mollie","Mollie Powell","Powell",null,"P@ssw0rd1",false,"F5333155-03C6-43B0-89C7-9AD31B843DBA",null,"Thu Jun 09 14:16:03 UTC 2022",null
"AlexiaHodges101@snailmail.com","Alexia","Alexia Hodges","Hodges",null,"P@ssw0rd1",false,"F58DC30F-1FA6-40D0-ACFF-F01CEA36E972",null,"Thu Jun 09 14:15:32 UTC 2022",null
"LunaDaniel101@snailmail.com","Luna","Luna Daniel","Daniel",null,"P@ssw0rd1",false,"F817D8B6-402B-4689-B80B-578E49117C27",null,"Thu Jun 09 14:16:03 UTC 2022",null
"JuliannaGarcia101@snailmail.com","Julianna","Julianna Garcia","Garcia",null,"P@ssw0rd1",false,"F86D2068-26CB-481F-B5EC-98A0AB886874",null,"Wed Jun 01 22:13:04 UTC 2022",null
"MarceloHerrera101@snailmail.com","Marcelo","Marcelo Herrera","Herrera",null,"P@ssw0rd1",false,"F8F6A0E8-0E7B-4896-9F94-13A59BCBE4E4",null,"Thu Jun 09 14:15:32 UTC 2022",null
"RobertoLevine101@snailmail.com","Roberto","Roberto Levine","Levine",null,"P@ssw0rd1",false,"F9063771-D144-491E-8258-327A2263E51D",null,"Wed Jun 01 22:13:04 UTC 2022",null
"CailynMckenzie101@snailmail.com","Cailyn","Cailyn Mckenzie","Mckenzie",null,"P@ssw0rd1",false,"FA3FBE5F-4073-49DD-963C-1A9273D8A17A",null,"Thu Jun 09 14:16:03 UTC 2022",null
"PaisleyDurham101@snailmail.com","Paisley","Paisley Durham","Durham",null,"P@ssw0rd1",false,"FC67C301-CB94-4347-AE36-EDABCECB6629",null,"Thu Jun 09 14:16:03 UTC 2022",null
"RobertoLevine101@snailmail.com","Roberto","Roberto Levine","Levine",null,"P@ssw0rd1",false,"FCA4787B-CB4E-44C9-82D3-60F95E7503B8",null,"Thu Jun 09 14:15:32 UTC 2022",null
"IsabelaGalvan101@snailmail.com","Isabela","Isabela Galvan","Galvan",null,"P@ssw0rd1",false,"FCEF59E6-54C8-4E24-8908-0B496E91E4F5",null,"Thu Jun 09 14:15:32 UTC 2022",null
"GilbertStrong101@snailmail.com","Gilbert","Gilbert Strong","Strong",null,"P@ssw0rd1",false,"FD14ED9E-67D0-4484-9855-3D9C44FA8649",null,"Thu Jun 09 14:15:32 UTC 2022",null
"EzequielOneill101@snailmail.com","Ezequiel","Ezequiel Oneill","Oneill",null,"P@ssw0rd1",false,"FD4CDF96-22D5-425C-B4A9-47D74724B30F",null,"Wed Jun 01 22:13:04 UTC 2022",null
"BrandonBates101@snailmail.com","Brandon","Brandon Bates","Bates",null,"P@ssw0rd1",false,"FE65BCF1-BBAB-4C0D-B53C-781E00E1AE0D",null,"Thu Jun 09 14:15:32 UTC 2022",null
"TiannaParker101@snailmail.com","Tianna","Tianna Parker","Parker",null,"P@ssw0rd1",false,"FF83FABC-2F9A-47AB-8ACC-00C396A07290",null,"Thu Jun 09 14:16:03 UTC 2022",null
